Workbook

Sheet 🏠 Inicio
B3: ✅ TRACKER DE HÁBITOS 2026
B7: 30 • 60 • 90 días de transformación
B10: Registra tus hábitos diarios · Visualiza tu progreso · 2026
B14: CONTENIDO DEL ARCHIVO
C16: 📋 Mis Hábitos | H16: Define hasta 14 hábitos personalizados con tu meta y color
C18: 📅 Tracker 30 Días | H18: Seguimiento diario con marcas ✅ ⬜ ❌
C20: 📅 Tracker 60 Días | H20: Versión extendida para hábitos de mediano plazo
C22: 📅 Tracker 90 Días | H22: El reto completo de 90 días de transformación
C24: 📊 Estadísticas | H24: Porcentaje de cumplimiento automático por hábito
C26: 💭 Reflexión | H26: Espacio semanal para revisar y ajustar

Sheet 📋 Mis Hábitos
B2: 📋 MIS HÁBITOS 2026
B5: Define tus hábitos, tu meta y por qué es importante para ti.
B7: # | C7: HÁBITO | D7: POR QUÉ LO HAGO | E7: CATEGORÍA | F7: META DIARIA | G7: COLOR
B8: 1 | C8: Meditar 10 min | D8: Reducir la ansiedad y empezar el día con calma | E8: Salud mental | F8: 10 min | G8: ●
B9: 2 | C9: Ejercicio | D9: Tener más energía y mejorar mi salud | E9: Salud física | F9: 30 min | G9: ●
B10: 3 | C10: Leer 20 páginas | D10: Aprender algo nuevo cada día | E10: Crecimiento | F10: 20 págs | G10: ●
B11: 4 | C11: Sin azúcar | D11: Mejorar mi energía | E11: Alimentación | F11: 1 día | G11: ●
B12: 5 | C12: Agua 2 litros | D12: Hidratarme correctamente | E12: Salud física | F12: 2 litros | G12: ●
B13: 6 | C13: Gratitud 3 cosas | D13: Cambiar el foco hacia lo positivo | E13: Bienestar | F13: 3 ítems | G13: ●
B14: 7 | G14: ●
B15: 8 | G15: ●
B16: 9 | G16: ●
B17: 10 | G17: ●
B18: 11 | G18: ●
B19: 12 | G19: ●
B20: 13 | G20: ●
B21: 14 | G21: ●

Sheet 📅 30 Días
B2: 📅 TRACKER 30 DÍAS — 2026
B5: ✅ = Completado ❌ = No completado ⬜ = No aplica
B7: HÁBITO | C7: 1 | D7: 2 | E7: 3 | F7: 4 | G7: 5 | H7: 6 | I7: 7 | J7: 8 | K7: 9 | L7: 10 | M7: 11 | N7: 12 | O7: 13 | P7: 14 | Q7: 15 | R7: 16 | S7: 17 | T7: 18 | U7: 19 | V7: 20 | W7: 21 | X7: 22 | Y7: 23 | Z7: 24 | AA7: 25 | AB7: 26 | AC7: 27 | AD7: 28 | AE7: 29 | AF7: 30 | AG7: % ✅ | AH7: TOTAL ✅
B8: ='📋 Mis Hábitos'!C8 | AG8: =IFERROR(COUNTIF(C8:AF8,"✅")/COUNTIF(C8:AF8,"<>"&"⬜"),0) | AH8: =IFERROR(COUNTIF(C8:AF8,"✅"),0)
B9: ='📋 Mis Hábitos'!C9 | AG9: =IFERROR(COUNTIF(C9:AF9,"✅")/COUNTIF(C9:AF9,"<>"&"⬜"),0) | AH9: =IFERROR(COUNTIF(C9:AF9,"✅"),0)
B10: ='📋 Mis Hábitos'!C10 | AG10: =IFERROR(COUNTIF(C10:AF10,"✅")/COUNTIF(C10:AF10,"<>"&"⬜"),0) | AH10: =IFERROR(COUNTIF(C10:AF10,"✅"),0)
B11: ='📋 Mis Hábitos'!C11 | AG11: =IFERROR(COUNTIF(C11:AF11,"✅")/COUNTIF(C11:AF11,"<>"&"⬜"),0) | AH11: =IFERROR(COUNTIF(C11:AF11,"✅"),0)
B12: ='📋 Mis Hábitos'!C12 | AG12: =IFERROR(COUNTIF(C12:AF12,"✅")/COUNTIF(C12:AF12,"<>"&"⬜"),0) | AH12: =IFERROR(COUNTIF(C12:AF12,"✅"),0)
B13: ='📋 Mis Hábitos'!C13 | AG13: =IFERROR(COUNTIF(C13:AF13,"✅")/COUNTIF(C13:AF13,"<>"&"⬜"),0) | AH13: =IFERROR(COUNTIF(C13:AF13,"✅"),0)
B14: ='📋 Mis Hábitos'!C14 | AG14: =IFERROR(COUNTIF(C14:AF14,"✅")/COUNTIF(C14:AF14,"<>"&"⬜"),0) | AH14: =IFERROR(COUNTIF(C14:AF14,"✅"),0)
B15: ='📋 Mis Hábitos'!C15 | AG15: =IFERROR(COUNTIF(C15:AF15,"✅")/COUNTIF(C15:AF15,"<>"&"⬜"),0) | AH15: =IFERROR(COUNTIF(C15:AF15,"✅"),0)
B16: ='📋 Mis Hábitos'!C16 | AG16: =IFERROR(COUNTIF(C16:AF16,"✅")/COUNTIF(C16:AF16,"<>"&"⬜"),0) | AH16: =IFERROR(COUNTIF(C16:AF16,"✅"),0)
B17: ='📋 Mis Hábitos'!C17 | AG17: =IFERROR(COUNTIF(C17:AF17,"✅")/COUNTIF(C17:AF17,"<>"&"⬜"),0) | AH17: =IFERROR(COUNTIF(C17:AF17,"✅"),0)
B18: ='📋 Mis Hábitos'!C18 | AG18: =IFERROR(COUNTIF(C18:AF18,"✅")/COUNTIF(C18:AF18,"<>"&"⬜"),0) | AH18: =IFERROR(COUNTIF(C18:AF18,"✅"),0)
B19: ='📋 Mis Hábitos'!C19 | AG19: =IFERROR(COUNTIF(C19:AF19,"✅")/COUNTIF(C19:AF19,"<>"&"⬜"),0) | AH19: =IFERROR(COUNTIF(C19:AF19,"✅"),0)
... B21: ='📋 Mis Hábitos'!C21 | AG21: =IFERROR(COUNTIF(C21:AF21,"✅")/COUNTIF(C21:AF21,"<>"&"⬜"),0) | AH21: =IFERROR(COUNTIF(C21:AF21,"✅"),0)
B22: PROMEDIO GENERAL | C22: =IFERROR(COUNTIF(C8:C21,"✅")/COUNTA(C8:C21),0) | D22: =IFERROR(COUNTIF(D8:D21,"✅")/COUNTA(D8:D21),0) | E22: =IFERROR(COUNTIF(E8:E21,"✅")/COUNTA(E8:E21),0) | F22: =IFERROR(COUNTIF(F8:F21,"✅")/COUNTA(F8:F21),0) | G22: =IFERROR(COUNTIF(G8:G21,"✅")/COUNTA(G8:G21),0) | H22: =IFERROR(COUNTIF(H8:H21,"✅")/COUNTA(H8:H21),0) | I22: =IFERROR(COUNTIF(I8:I21,"✅")/COUNTA(I8:I21),0) | J22: =IFERROR(COUNTIF(J8:J21,"✅")/COUNTA(J8:J21),0) | ... AF22: =IFERROR(COUNTIF(AF8:AF21,"✅")/COUNTA(AF8:AF21),0)

Sheet 📅 60 Días
B2: 📅 TRACKER 60 DÍAS — 2026
B5: ✅ = Completado ❌ = No completado ⬜ = No aplica
B7: HÁBITO | C7: 1 | D7: 2 | E7: 3 | F7: 4 | G7: 5 | H7: 6 | I7: 7 | J7: 8 | K7: 9 | L7: 10 | M7: 11 | N7: 12 | O7: 13 | P7: 14 | Q7: 15 | R7: 16 | S7: 17 | T7: 18 | U7: 19 | V7: 20 | W7: 21 | X7: 22 | Y7: 23 | Z7: 24 | AA7: 25 | AB7: 26 | AC7: 27 | AD7: 28 | AE7: 29 | AF7: 30 | AG7: 31 | AH7: 32 | AI7: 33 | AJ7: 34 | AK7: 35 | AL7: 36 | AM7: 37 | AN7: 38 | AO7: 39 | AP7: 40 | AQ7: 41 | AR7: 42 | AS7: 43 | AT7: 44 | AU7: 45 | AV7: 46 | AW7: 47 | AX7: 48 | AY7: 49 | AZ7: 50 | BA7: 51 | BB7: 52 | BC7: 53 | BD7: 54 | BE7: 55 | BF7: 56 | BG7: 57 | BH7: 58 | BI7: 59 | BJ7: 60 | BK7: % ✅ | BL7: TOTAL ✅
B8: ='📋 Mis Hábitos'!C8 | BK8: =IFERROR(COUNTIF(C8:BJ8,"✅")/COUNTIF(C8:BJ8,"<>"&"⬜"),0) | BL8: =IFERROR(COUNTIF(C8:BJ8,"✅"),0)
B9: ='📋 Mis Hábitos'!C9 | BK9: =IFERROR(COUNTIF(C9:BJ9,"✅")/COUNTIF(C9:BJ9,"<>"&"⬜"),0) | BL9: =IFERROR(COUNTIF(C9:BJ9,"✅"),0)
B10: ='📋 Mis Hábitos'!C10 | BK10: =IFERROR(COUNTIF(C10:BJ10,"✅")/COUNTIF(C10:BJ10,"<>"&"⬜"),0) | BL10: =IFERROR(COUNTIF(C10:BJ10,"✅"),0)
B11: ='📋 Mis Hábitos'!C11 | BK11: =IFERROR(COUNTIF(C11:BJ11,"✅")/COUNTIF(C11:BJ11,"<>"&"⬜"),0) | BL11: =IFERROR(COUNTIF(C11:BJ11,"✅"),0)
B12: ='📋 Mis Hábitos'!C12 | BK12: =IFERROR(COUNTIF(C12:BJ12,"✅")/COUNTIF(C12:BJ12,"<>"&"⬜"),0) | BL12: =IFERROR(COUNTIF(C12:BJ12,"✅"),0)
B13: ='📋 Mis Hábitos'!C13 | BK13: =IFERROR(COUNTIF(C13:BJ13,"✅")/COUNTIF(C13:BJ13,"<>"&"⬜"),0) | BL13: =IFERROR(COUNTIF(C13:BJ13,"✅"),0)
B14: ='📋 Mis Hábitos'!C14 | BK14: =IFERROR(COUNTIF(C14:BJ14,"✅")/COUNTIF(C14:BJ14,"<>"&"⬜"),0) | BL14: =IFERROR(COUNTIF(C14:BJ14,"✅"),0)
B15: ='📋 Mis Hábitos'!C15 | BK15: =IFERROR(COUNTIF(C15:BJ15,"✅")/COUNTIF(C15:BJ15,"<>"&"⬜"),0) | BL15: =IFERROR(COUNTIF(C15:BJ15,"✅"),0)
B16: ='📋 Mis Hábitos'!C16 | BK16: =IFERROR(COUNTIF(C16:BJ16,"✅")/COUNTIF(C16:BJ16,"<>"&"⬜"),0) | BL16: =IFERROR(COUNTIF(C16:BJ16,"✅"),0)
B17: ='📋 Mis Hábitos'!C17 | BK17: =IFERROR(COUNTIF(C17:BJ17,"✅")/COUNTIF(C17:BJ17,"<>"&"⬜"),0) | BL17: =IFERROR(COUNTIF(C17:BJ17,"✅"),0)
B18: ='📋 Mis Hábitos'!C18 | BK18: =IFERROR(COUNTIF(C18:BJ18,"✅")/COUNTIF(C18:BJ18,"<>"&"⬜"),0) | BL18: =IFERROR(COUNTIF(C18:BJ18,"✅"),0)
B19: ='📋 Mis Hábitos'!C19 | BK19: =IFERROR(COUNTIF(C19:BJ19,"✅")/COUNTIF(C19:BJ19,"<>"&"⬜"),0) | BL19: =IFERROR(COUNTIF(C19:BJ19,"✅"),0)
... B21: ='📋 Mis Hábitos'!C21 | BK21: =IFERROR(COUNTIF(C21:BJ21,"✅")/COUNTIF(C21:BJ21,"<>"&"⬜"),0) | BL21: =IFERROR(COUNTIF(C21:BJ21,"✅"),0)
B22: PROMEDIO GENERAL | C22: =IFERROR(COUNTIF(C8:C21,"✅")/COUNTA(C8:C21),0) | D22: =IFERROR(COUNTIF(D8:D21,"✅")/COUNTA(D8:D21),0) | E22: =IFERROR(COUNTIF(E8:E21,"✅")/COUNTA(E8:E21),0) | F22: =IFERROR(COUNTIF(F8:F21,"✅")/COUNTA(F8:F21),0) | G22: =IFERROR(COUNTIF(G8:G21,"✅")/COUNTA(G8:G21),0) | H22: =IFERROR(COUNTIF(H8:H21,"✅")/COUNTA(H8:H21),0) | I22: =IFERROR(COUNTIF(I8:I21,"✅")/COUNTA(I8:I21),0) | J22: =IFERROR(COUNTIF(J8:J21,"✅")/COUNTA(J8:J21),0) | ... BJ22: =IFERROR(COUNTIF(BJ8:BJ21,"✅")/COUNTA(BJ8:BJ21),0)

Sheet 📅 90 Días
B2: 🔥 TRACKER 90 DÍAS — 2026
B5: ✅ = Completado ❌ = No completado ⬜ = No aplica
B7: HÁBITO | C7: 1 | D7: 2 | E7: 3 | F7: 4 | G7: 5 | H7: 6 | I7: 7 | J7: 8 | K7: 9 | L7: 10 | M7: 11 | N7: 12 | O7: 13 | P7: 14 | Q7: 15 | R7: 16 | S7: 17 | T7: 18 | U7: 19 | V7: 20 | W7: 21 | X7: 22 | Y7: 23 | Z7: 24 | AA7: 25 | AB7: 26 | AC7: 27 | AD7: 28 | AE7: 29 | AF7: 30 | AG7: 31 | AH7: 32 | AI7: 33 | AJ7: 34 | AK7: 35 | AL7: 36 | AM7: 37 | AN7: 38 | AO7: 39 | AP7: 40 | AQ7: 41 | AR7: 42 | AS7: 43 | AT7: 44 | AU7: 45 | AV7: 46 | AW7: 47 | AX7: 48 | AY7: 49 | AZ7: 50 | BA7: 51 | BB7: 52 | BC7: 53 | BD7: 54 | BE7: 55 | BF7: 56 | BG7: 57 | BH7: 58 | BI7: 59 | BJ7: 60 | BK7: 61 | BL7: 62 | BM7: 63 | BN7: 64 | BO7: 65 | BP7: 66 | BQ7: 67 | BR7: 68 | BS7: 69 | BT7: 70 | BU7: 71 | BV7: 72 | BW7: 73 | BX7: 74 | BY7: 75 | BZ7: 76 | CA7: 77 | CB7: 78 | CC7: 79 | CD7: 80 | CE7: 81 | CF7: 82 | CG7: 83 | CH7: 84 | CI7: 85 | CJ7: 86 | CK7: 87 | CL7: 88 | CM7: 89 | CN7: 90 | CO7: % ✅ | CP7: TOTAL ✅
B8: ='📋 Mis Hábitos'!C8 | CO8: =IFERROR(COUNTIF(C8:CN8,"✅")/COUNTIF(C8:CN8,"<>"&"⬜"),0) | CP8: =IFERROR(COUNTIF(C8:CN8,"✅"),0)
B9: ='📋 Mis Hábitos'!C9 | CO9: =IFERROR(COUNTIF(C9:CN9,"✅")/COUNTIF(C9:CN9,"<>"&"⬜"),0) | CP9: =IFERROR(COUNTIF(C9:CN9,"✅"),0)
B10: ='📋 Mis Hábitos'!C10 | CO10: =IFERROR(COUNTIF(C10:CN10,"✅")/COUNTIF(C10:CN10,"<>"&"⬜"),0) | CP10: =IFERROR(COUNTIF(C10:CN10,"✅"),0)
B11: ='📋 Mis Hábitos'!C11 | CO11: =IFERROR(COUNTIF(C11:CN11,"✅")/COUNTIF(C11:CN11,"<>"&"⬜"),0) | CP11: =IFERROR(COUNTIF(C11:CN11,"✅"),0)
B12: ='📋 Mis Hábitos'!C12 | CO12: =IFERROR(COUNTIF(C12:CN12,"✅")/COUNTIF(C12:CN12,"<>"&"⬜"),0) | CP12: =IFERROR(COUNTIF(C12:CN12,"✅"),0)
B13: ='📋 Mis Hábitos'!C13 | CO13: =IFERROR(COUNTIF(C13:CN13,"✅")/COUNTIF(C13:CN13,"<>"&"⬜"),0) | CP13: =IFERROR(COUNTIF(C13:CN13,"✅"),0)
B14: ='📋 Mis Hábitos'!C14 | CO14: =IFERROR(COUNTIF(C14:CN14,"✅")/COUNTIF(C14:CN14,"<>"&"⬜"),0) | CP14: =IFERROR(COUNTIF(C14:CN14,"✅"),0)
B15: ='📋 Mis Hábitos'!C15 | CO15: =IFERROR(COUNTIF(C15:CN15,"✅")/COUNTIF(C15:CN15,"<>"&"⬜"),0) | CP15: =IFERROR(COUNTIF(C15:CN15,"✅"),0)
B16: ='📋 Mis Hábitos'!C16 | CO16: =IFERROR(COUNTIF(C16:CN16,"✅")/COUNTIF(C16:CN16,"<>"&"⬜"),0) | CP16: =IFERROR(COUNTIF(C16:CN16,"✅"),0)
B17: ='📋 Mis Hábitos'!C17 | CO17: =IFERROR(COUNTIF(C17:CN17,"✅")/COUNTIF(C17:CN17,"<>"&"⬜"),0) | CP17: =IFERROR(COUNTIF(C17:CN17,"✅"),0)
B18: ='📋 Mis Hábitos'!C18 | CO18: =IFERROR(COUNTIF(C18:CN18,"✅")/COUNTIF(C18:CN18,"<>"&"⬜"),0) | CP18: =IFERROR(COUNTIF(C18:CN18,"✅"),0)
B19: ='📋 Mis Hábitos'!C19 | CO19: =IFERROR(COUNTIF(C19:CN19,"✅")/COUNTIF(C19:CN19,"<>"&"⬜"),0) | CP19: =IFERROR(COUNTIF(C19:CN19,"✅"),0)
... B21: ='📋 Mis Hábitos'!C21 | CO21: =IFERROR(COUNTIF(C21:CN21,"✅")/COUNTIF(C21:CN21,"<>"&"⬜"),0) | CP21: =IFERROR(COUNTIF(C21:CN21,"✅"),0)
B22: PROMEDIO GENERAL | C22: =IFERROR(COUNTIF(C8:C21,"✅")/COUNTA(C8:C21),0) | D22: =IFERROR(COUNTIF(D8:D21,"✅")/COUNTA(D8:D21),0) | E22: =IFERROR(COUNTIF(E8:E21,"✅")/COUNTA(E8:E21),0) | F22: =IFERROR(COUNTIF(F8:F21,"✅")/COUNTA(F8:F21),0) | G22: =IFERROR(COUNTIF(G8:G21,"✅")/COUNTA(G8:G21),0) | H22: =IFERROR(COUNTIF(H8:H21,"✅")/COUNTA(H8:H21),0) | I22: =IFERROR(COUNTIF(I8:I21,"✅")/COUNTA(I8:I21),0) | J22: =IFERROR(COUNTIF(J8:J21,"✅")/COUNTA(J8:J21),0) | ... CN22: =IFERROR(COUNTIF(CN8:CN21,"✅")/COUNTA(CN8:CN21),0)

Sheet 📊 Estadísticas
B2: 📊 ESTADÍSTICAS 2026
B7: HÁBITO | C7: % CUMPL. | D7: DÍAS ✅ | E7: DÍAS ❌ | F7: NIVEL
B8: ='📋 Mis Hábitos'!C8 | C8: =IFERROR(COUNTIF('📅 30 Días'!C8:AF8,"✅")/30,0) | D8: =IFERROR(COUNTIF('📅 30 Días'!C8:AF8,"✅"),0) | E8: =IFERROR(COUNTIF('📅 30 Días'!C8:AF8,"❌"),0) | F8: =IFERROR(IF(C8>=0.9,"🔥 Experto",IF(C8>=0.7,"⭐ Avanzado",IF(C8>=0.5,"🌱 En progreso","💪 Iniciando"))),"")
B9: ='📋 Mis Hábitos'!C9 | C9: =IFERROR(COUNTIF('📅 30 Días'!C9:AF9,"✅")/30,0) | D9: =IFERROR(COUNTIF('📅 30 Días'!C9:AF9,"✅"),0) | E9: =IFERROR(COUNTIF('📅 30 Días'!C9:AF9,"❌"),0) | F9: =IFERROR(IF(C9>=0.9,"🔥 Experto",IF(C9>=0.7,"⭐ Avanzado",IF(C9>=0.5,"🌱 En progreso","💪 Iniciando"))),"")
B10: ='📋 Mis Hábitos'!C10 | C10: =IFERROR(COUNTIF('📅 30 Días'!C10:AF10,"✅")/30,0) | D10: =IFERROR(COUNTIF('📅 30 Días'!C10:AF10,"✅"),0) | E10: =IFERROR(COUNTIF('📅 30 Días'!C10:AF10,"❌"),0) | F10: =IFERROR(IF(C10>=0.9,"🔥 Experto",IF(C10>=0.7,"⭐ Avanzado",IF(C10>=0.5,"🌱 En progreso","💪 Iniciando"))),"")
B11: ='📋 Mis Hábitos'!C11 | C11: =IFERROR(COUNTIF('📅 30 Días'!C11:AF11,"✅")/30,0) | D11: =IFERROR(COUNTIF('📅 30 Días'!C11:AF11,"✅"),0) | E11: =IFERROR(COUNTIF('📅 30 Días'!C11:AF11,"❌"),0) | F11: =IFERROR(IF(C11>=0.9,"🔥 Experto",IF(C11>=0.7,"⭐ Avanzado",IF(C11>=0.5,"🌱 En progreso","💪 Iniciando"))),"")
B12: ='📋 Mis Hábitos'!C12 | C12: =IFERROR(COUNTIF('📅 30 Días'!C12:AF12,"✅")/30,0) | D12: =IFERROR(COUNTIF('📅 30 Días'!C12:AF12,"✅"),0) | E12: =IFERROR(COUNTIF('📅 30 Días'!C12:AF12,"❌"),0) | F12: =IFERROR(IF(C12>=0.9,"🔥 Experto",IF(C12>=0.7,"⭐ Avanzado",IF(C12>=0.5,"🌱 En progreso","💪 Iniciando"))),"")
B13: ='📋 Mis Hábitos'!C13 | C13: =IFERROR(COUNTIF('📅 30 Días'!C13:AF13,"✅")/30,0) | D13: =IFERROR(COUNTIF('📅 30 Días'!C13:AF13,"✅"),0) | E13: =IFERROR(COUNTIF('📅 30 Días'!C13:AF13,"❌"),0) | F13: =IFERROR(IF(C13>=0.9,"🔥 Experto",IF(C13>=0.7,"⭐ Avanzado",IF(C13>=0.5,"🌱 En progreso","💪 Iniciando"))),"")
B14: ='📋 Mis Hábitos'!C14 | C14: =IFERROR(COUNTIF('📅 30 Días'!C14:AF14,"✅")/30,0) | D14: =IFERROR(COUNTIF('📅 30 Días'!C14:AF14,"✅"),0) | E14: =IFERROR(COUNTIF('📅 30 Días'!C14:AF14,"❌"),0) | F14: =IFERROR(IF(C14>=0.9,"🔥 Experto",IF(C14>=0.7,"⭐ Avanzado",IF(C14>=0.5,"🌱 En progreso","💪 Iniciando"))),"")
B15: ='📋 Mis Hábitos'!C15 | C15: =IFERROR(COUNTIF('📅 30 Días'!C15:AF15,"✅")/30,0) | D15: =IFERROR(COUNTIF('📅 30 Días'!C15:AF15,"✅"),0) | E15: =IFERROR(COUNTIF('📅 30 Días'!C15:AF15,"❌"),0) | F15: =IFERROR(IF(C15>=0.9,"🔥 Experto",IF(C15>=0.7,"⭐ Avanzado",IF(C15>=0.5,"🌱 En progreso","💪 Iniciando"))),"")
B16: ='📋 Mis Hábitos'!C16 | C16: =IFERROR(COUNTIF('📅 30 Días'!C16:AF16,"✅")/30,0) | D16: =IFERROR(COUNTIF('📅 30 Días'!C16:AF16,"✅"),0) | E16: =IFERROR(COUNTIF('📅 30 Días'!C16:AF16,"❌"),0) | F16: =IFERROR(IF(C16>=0.9,"🔥 Experto",IF(C16>=0.7,"⭐ Avanzado",IF(C16>=0.5,"🌱 En progreso","💪 Iniciando"))),"")
B17: ='📋 Mis Hábitos'!C17 | C17: =IFERROR(COUNTIF('📅 30 Días'!C17:AF17,"✅")/30,0) | D17: =IFERROR(COUNTIF('📅 30 Días'!C17:AF17,"✅"),0) | E17: =IFERROR(COUNTIF('📅 30 Días'!C17:AF17,"❌"),0) | F17: =IFERROR(IF(C17>=0.9,"🔥 Experto",IF(C17>=0.7,"⭐ Avanzado",IF(C17>=0.5,"🌱 En progreso","💪 Iniciando"))),"")
B18: ='📋 Mis Hábitos'!C18 | C18: =IFERROR(COUNTIF('📅 30 Días'!C18:AF18,"✅")/30,0) | D18: =IFERROR(COUNTIF('📅 30 Días'!C18:AF18,"✅"),0) | E18: =IFERROR(COUNTIF('📅 30 Días'!C18:AF18,"❌"),0) | F18: =IFERROR(IF(C18>=0.9,"🔥 Experto",IF(C18>=0.7,"⭐ Avanzado",IF(C18>=0.5,"🌱 En progreso","💪 Iniciando"))),"")
B19: ='📋 Mis Hábitos'!C19 | C19: =IFERROR(COUNTIF('📅 30 Días'!C19:AF19,"✅")/30,0) | D19: =IFERROR(COUNTIF('📅 30 Días'!C19:AF19,"✅"),0) | E19: =IFERROR(COUNTIF('📅 30 Días'!C19:AF19,"❌"),0) | F19: =IFERROR(IF(C19>=0.9,"🔥 Experto",IF(C19>=0.7,"⭐ Avanzado",IF(C19>=0.5,"🌱 En progreso","💪 Iniciando"))),"")
... B21: ='📋 Mis Hábitos'!C21 | C21: =IFERROR(COUNTIF('📅 30 Días'!C21:AF21,"✅")/30,0) | D21: =IFERROR(COUNTIF('📅 30 Días'!C21:AF21,"✅"),0) | E21: =IFERROR(COUNTIF('📅 30 Días'!C21:AF21,"❌"),0) | F21: =IFERROR(IF(C21>=0.9,"🔥 Experto",IF(C21>=0.7,"⭐ Avanzado",IF(C21>=0.5,"🌱 En progreso","💪 Iniciando"))),"")
